<?xml version="1.0" encoding="UTF-8"?>
<ti:module xmlns:ti="http://ti.appcelerator.org" xmlns:android="http://schemas.android.com/apk/res/android">
	<!--
		Similar to tiapp.xml, but contains module/platform specific
		configuration in <iphone>, <android>, and <mobileweb> sections
	-->
	<iphone>
	</iphone>
	<android xmlns:android="http://schemas.android.com/apk/res/android">
        <manifest>
            <application>
                <receiver android:name="nc.bootcompleted.BootCompletedReceiver">  
                    <intent-filter>  
                        <action android:name="android.intent.action.BOOT_COMPLETED"/>  
                    </intent-filter>
                    <meta-data android:name="boot_completed_js" android:value="boot_completed.js"/>  
                </receiver>
            </application>
            <uses-permission android:name="android.permission.RECEIVE_BOOT_COMPLETED"/>
        </manifest>
    </android>
	<mobileweb>
	</mobileweb>
</ti:module>
